{"almanac": 21194.439427272726, "ancestors": 5988.9042818181815, "apotropaicmagic": 18930.472663636363, "applebobbing": 26469.20212727273, "batman": 106.69360909090909, "batwings": 0.49914750331878643, "bedford": 0.499283807561727, "bewitching": 6208.991218181818, "cackle": 42452.75099090909, "casket": 5.015339217506929, "celebrate": 17781.128445454546, "celebrating": 0.4988158549944535, "centiday": 0.5011794841612562, "churchyard": 21324.91408181818, "cobwebs": 5.016434876207052, "confectionary": -0.001856586415953998, "costumes": 5.018781068309048, "daysail": 8724.406590909091, "dayspring": 5316.3625, "divination": -0.0033035689680949664, "dracula": 5.015711396970019, "dungeon": 5.090600372685685e-05, "duskhour": 0.5004213764344675, "easter": -0.003752363078671946, "ectoplasm": 22535.317781818183, "egg": -0.011622111666976688, "enchanting": 0.49880748390483887, "extravaganza": 5.012963161339421, "fear": 28565.835972727273, "fest": 13792.764745454546, "fire": -1.164282632839857e-05, "flagday": 40435.85701818182, "fogmachine": 44587.35872727273, "folklore": 30836.938154545456, "fortnight": 0.5001515354605096, "fortunetelling": 26233.774936363636, "frankenstein": 0.500219318493447, "funeral": 43769.33219090909, "ghost": 15835.790072727274, "goblins": 36627.439927272724, "h2o": -0.00012073960376808786, "hallo": -0.0016425512463795644, "halloween": 5358.439090909091, "haunt": -0.0005607185774058585, "headless": 0.5006418197132038, "holi": 0.49989640401831276, "imprisonment": 0.5010497003925642, "interday": 30466.01677272727, "isolation": 21084.0304, "jacksantino": 0.002636192080423603, "jester": 10588.9843, "kiddies": 5.016716858419024, "kidnap": 5.015134658769577, "krakatoa": 47713.79224545455, "leapweek": 20443.267045454544, "leprechaun": 0.500686062293552, "lunacy": 5.012799236995726, "lurking": 33952.660227272725, "magical": 5.016119701411835, "mischievous": 19708.378990909092, "mondays": 9930.550245454546, "monsterhunter": 5.01941553289629, "moon": 5.016318205898103, "moonlight": 5.017754734850044, "mumming": 0.0010792499748344129, "mummy": 5.015713086167969, "mystical": 5.018300035787705, "night": 19176.597363636363, "nightmare": 2470.2444363636364, "nonconformism": 948.9686090909091, "noon": 5.016496694781759, "northernlights": 3368.910827272727, "occult": 25537.237236363635, "october": 5605.813163636363, "parades": 14320.317818181818, "paranormal": 5.01705213948563, "periodoftime": 0.005089725326677434, "predestinated": 26096.744354545455, "propitiation": 0.5006166744754592, "purim": 8120.414563636364, "quirky": 5.014521250030388, "rip": 0.4991433092996954, "ritesofpassage": 46242.68284545455, "satan": 22276.48250909091, "scoobydoo": 5.015563805487229, "seuss": 24246.633127272726, "sixty": 46748.960245454546, "somerset": 5.0154828471724375, "sweets": 45911.707736363634, "sympatheticmagic": 0.5009179220021275, "tabulatable": 0.0021571767090824297, "tarantula": 15878.525190909091, "theme": 4457.323363636364, "toys": -0.0031110134243413565, "tshirt": 19847.47789090909, "vampire": 9461.155454545455, "venom": 15028.023754545455, "wardrobe": 326.7673909090909, "warlock": 36613.0939, "washday": 8903.192172727273, "week": 2644.2556454545456, "ween": -0.10248432802248408, "worktime": 5.014881108091035, "xray": 0.49951946654736207}