{"almanac": 21204.330662, "ancestors": 5978.780217727272, "apotropaicmagic": 18960.90068281818, "applebobbing": 26448.647275363637, "batman": 106.44346509090909, "batwings": 0.4999170008540882, "bedford": 0.49995524608048625, "bewitching": 6222.170244545455, "cackle": 42468.60282436364, "casket": 4.999236239706454, "celebrate": 17817.847751, "celebrating": 0.5000702329730399, "centiday": 0.5000097467461686, "churchyard": 21286.862597636362, "cobwebs": 4.999627544336745, "confectionary": -0.0005458887751327423, "costumes": 4.999849218328436, "daysail": 8741.287638181819, "dayspring": 5314.633556545455, "divination": 2.4881962809374655e-05, "dracula": 4.999608379551062, "dungeon": 3.721672970926553e-05, "duskhour": 0.500106878627149, "easter": -0.004332507978221857, "ectoplasm": 22501.54659709091, "egg": -0.012698685428623832, "enchanting": 0.4999734253652945, "extravaganza": 4.999881368452148, "fear": 28568.876109, "fest": 13783.358298454545, "fire": -0.00021578723824689476, "flagday": 40404.32826981818, "fogmachine": 44507.36310690909, "folklore": 30835.707915272727, "fortnight": 0.4999352786083786, "fortunetelling": 26189.14477990909, "frankenstein": 0.49986322513655573, "funeral": 43904.33377736364, "ghost": 15825.172075545455, "goblins": 36604.56415854546, "h2o": 0.0002333778142453925, "hallo": -0.001883214669750351, "halloween": 5364.2194077272725, "haunt": -7.116409756900939e-05, "headless": 0.5000009660880543, "holi": 0.5000216793069684, "imprisonment": 0.49999593265696557, "interday": 30557.509694454544, "isolation": 21105.17046727273, "jacksantino": 0.0004913080258252291, "jester": 10559.395480818182, "kiddies": 4.99938424316061, "kidnap": 4.9993994571531335, "krakatoa": 47558.98618554545, "leapweek": 20411.037765, "leprechaun": 0.4999425510410066, "lunacy": 4.999447635233558, "lurking": 33981.758883454546, "magical": 4.999537722209151, "mischievous": 19763.436686818182, "mondays": 9944.927566909091, "monsterhunter": 4.999744636103569, "moon": 4.999485947406105, "moonlight": 4.999546338151565, "mumming": -0.0002634990867169441, "mummy": 4.999387401153093, "mystical": 4.999419722249552, "night": 19165.096070454547, "nightmare": 2468.798616090909, "nonconformism": 949.3027022727273, "noon": 4.999363374812096, "northernlights": 3366.962564090909, "occult": 25426.90730490909, "october": 5613.346063636363, "parades": 14317.062715, "paranormal": 4.999584170733313, "periodoftime": 3.647260383646558e-05, "predestinated": 26150.35588109091, "propitiation": 0.5000275639415851, "purim": 8086.246572, "quirky": 4.999447813094308, "rip": 0.49999673669917694, "ritesofpassage": 46312.55881327273, "satan": 22177.878485454545, "scoobydoo": 4.999555557799618, "seuss": 24300.849245181817, "sixty": 46877.72397263636, "somerset": 4.999477545047925, "sweets": 45902.48462427273, "sympatheticmagic": 0.5001031835100856, "tabulatable": -5.148377365979776e-05, "tarantula": 15868.90443790909, "theme": 4454.239357181818, "toys": 0.00044092094819396527, "tshirt": 19835.26503590909, "vampire": 9450.171191, "venom": 15038.963497363637, "wardrobe": 325.867538, "warlock": 36657.86659245454, "washday": 8873.103632545455, "week": 2635.184814909091, "ween": -0.10195836404868992, "worktime": 4.999519870682866, "xray": 0.4999771958554564}