{"almanac": 23259.03318228756, "ancestors": 6318.216349464548, "apotropaicmagic": 20094.080542886633, "applebobbing": 28295.186983638767, "batman": 117.98166919503637, "batwings": 0.4999170008540882, "bedford": 0.49995524608048625, "bewitching": 6899.348489667104, "cackle": 45531.83684088045, "casket": 4.999236239706454, "celebrate": 19751.437169291312, "celebrating": 0.5000702329730399, "centiday": 0.5000097467461686, "churchyard": 22891.990024970837, "cobwebs": 4.999627544336745, "confectionary": -0.0005458887751327423, "costumes": 4.999849218328436, "daysail": 9028.981197313447, "dayspring": 5529.685200348867, "divination": 2.4881962809374655e-05, "dracula": 4.999608379551062, "dungeon": 3.721672970926553e-05, "duskhour": 0.500106878627149, "easter": -0.004332507978221857, "ectoplasm": 23569.749388634424, "egg": -0.012698685428623832, "enchanting": 0.4999734253652945, "extravaganza": 4.999881368452148, "fear": 29583.712430961437, "fest": 13840.8725371987, "fire": -0.00021578723824689476, "flagday": 40670.6127130895, "fogmachine": 49081.435596896736, "folklore": 33912.77908539001, "fortnight": 0.4999352786083786, "fortunetelling": 27855.19061993491, "frankenstein": 0.49986322513655573, "funeral": 44672.5069124061, "ghost": 16561.582118778424, "goblins": 39039.0672620358, "h2o": 0.0002333778142453925, "hallo": -0.001883214669750351, "halloween": 5718.526388989035, "haunt": -7.116409756900939e-05, "headless": 0.5000009660880543, "holi": 0.5000216793069684, "imprisonment": 0.49999593265696557, "interday": 30821.64575830968, "isolation": 22117.849834052347, "jacksantino": 0.0004913080258252291, "jester": 11639.123844936832, "kiddies": 4.99938424316061, "kidnap": 4.9993994571531335, "krakatoa": 49027.96530081657, "leapweek": 20606.263485713258, "leprechaun": 0.4999425510410066, "lunacy": 4.999447635233558, "lurking": 36144.02317384936, "magical": 4.999537722209151, "mischievous": 20588.598540394833, "mondays": 10978.378540129279, "monsterhunter": 4.999744636103569, "moon": 4.999485947406105, "moonlight": 4.999546338151565, "mumming": -0.0002634990867169441, "mummy": 4.999387401153093, "mystical": 4.999419722249552, "night": 20225.849036887103, "nightmare": 2552.555227554697, "nonconformism": 999.263691257533, "noon": 4.999363374812096, "northernlights": 3406.3242839761524, "occult": 27833.963618809197, "october": 5681.397421999052, "parades": 15603.469659110307, "paranormal": 4.999584170733313, "periodoftime": 3.647260383646558e-05, "predestinated": 27307.78148411569, "propitiation": 0.5000275639415851, "purim": 8398.367051638892, "quirky": 4.999447813094308, "rip": 0.49999673669917694, "ritesofpassage": 49214.2354033038, "satan": 22875.82332897588, "scoobydoo": 4.999555557799618, "seuss": 26003.39479712376, "sixty": 49682.43040233128, "somerset": 4.999477545047925, "sweets": 46776.9776537933, "sympatheticmagic": 0.5001031835100856, "tabulatable": -5.148377365979776e-05, "tarantula": 17381.75569040486, "theme": 4744.422825782572, "toys": 0.00044092094819396527, "tshirt": 20204.025112415293, "vampire": 10393.674017225141, "venom": 16057.353627566925, "wardrobe": 332.50612909329635, "warlock": 37107.08697296192, "washday": 9251.081438862228, "week": 2866.3429668748927, "ween": -0.10195836404868992, "worktime": 4.999519870682866, "xray": 0.4999771958554564}