{"data_min_": [-1.0, -1.0, -1.0, -1.0, -1.0, 0.0, 0.0, -1.0, -1.0, 0.0, -1.0, 0.0, 0.0, -1.0, 0.0, -5.75745, 0.0, -1.0, -1.0, -5.317058, 0.0, -5.191508, 0.0, -0.484375, -1.0, -0.453125, 0.0, 0.0, -1.0, -1.0, -5.446959, -1.0, -1.0, -1.0, 0.0, -1.0, 0.0, -1.0, -1.0, -1.0, -5.299007, -0.496094, -1.0, -5.057882, 0.0, 0.0, 0.0, -1.0, -1.0, -5.277115, -1.0, 0.0, 0.0, -1.0, -1.0, 0.0, 0.0, -1.0, 0.0, -1.0, -1.0, 0.0, 0.0, 0.0, -5.451599, 0.0, 0.0, -1.0, -1.0, -1.0, 0.0, -1.0, -1.0, -1.0, -1.0, 0.0, -5.16571, -1.0, 0.0, -1.0, 0.0, 0.0, -1.0, -1.0, 0.0, -1.0, -1.0, 0.0, -1.0, 0.0, -4.921169, -1.0, -1.0, -5.063641, -1.0, -1.0, -1.0, -1.0, -1.0, -1.0, -1.0, -0.492188, 0.0, 0.0], "data_max_": [46507.0, 12635.0, 40196.0, 56584.0, 236.0, 1.0, 1.0, 13798.0, 91050.0, 10.0, 39505.0, 1.0, 1.0, 45797.0, 10.0, 5.472021, 10.0, 18059.0, 11057.0, 5.518523, 10.0, 5.420268, 1.0, 0.488281, 47135.0, 0.460938, 1.0, 10.0, 59169.0, 27678.0, 5.416352, 81358.0, 98164.0, 67826.0, 1.0, 55698.0, 1.0, 89352.0, 33122.0, 78113.0, 5.504703, 0.5, 11439.0, 5.381191, 1.0, 1.0, 1.0, 61634.0, 44240.0, 5.236777, 23278.0, 10.0, 10.0, 98067.0, 41224.0, 1.0, 10.0, 72294.0, 10.0, 41176.0, 21956.0, 10.0, 10.0, 10.0, 5.356245, 10.0, 10.0, 40456.0, 5105.0, 1998.0, 10.0, 6812.0, 55673.0, 11361.0, 31196.0, 10.0, 5.051883, 54592.0, 1.0, 16794.0, 10.0, 1.0, 98446.0, 45748.0, 10.0, 51997.0, 99337.0, 10.0, 93543.0, 1.0, 5.739811, 34755.0, 9488.0, 5.204636, 40406.0, 20783.0, 32118.0, 665.0, 74224.0, 18508.0, 5734.0, 0.503906, 10.0, 1.0], "data_range_": [46508.0, 12636.0, 40197.0, 56585.0, 237.0, 1.0, 1.0, 13799.0, 91051.0, 10.0, 39506.0, 1.0, 1.0, 45798.0, 10.0, 11.229471, 10.0, 18060.0, 11058.0, 10.835581000000001, 10.0, 10.611775999999999, 1.0, 0.972656, 47136.0, 0.9140630000000001, 1.0, 10.0, 59170.0, 27679.0, 10.863311, 81359.0, 98165.0, 67827.0, 1.0, 55699.0, 1.0, 89353.0, 33123.0, 78114.0, 10.803709999999999, 0.996094, 11440.0, 10.439073, 1.0, 1.0, 1.0, 61635.0, 44241.0, 10.513892, 23279.0, 10.0, 10.0, 98068.0, 41225.0, 1.0, 10.0, 72295.0, 10.0, 41177.0, 21957.0, 10.0, 10.0, 10.0, 10.807844, 10.0, 10.0, 40457.0, 5106.0, 1999.0, 10.0, 6813.0, 55674.0, 11362.0, 31197.0, 10.0, 10.217593, 54593.0, 1.0, 16795.0, 10.0, 1.0, 98447.0, 45749.0, 10.0, 51998.0, 99338.0, 10.0, 93544.0, 1.0, 10.66098, 34756.0, 9489.0, 10.268277, 40407.0, 20784.0, 32119.0, 666.0, 74225.0, 18509.0, 5735.0, 0.996094, 10.0, 1.0], "scale_": [4.300335426163241e-05, 0.00015827793605571383, 4.9754956837574944e-05, 3.5345056110276576e-05, 0.008438818565400843, 2.0, 2.0, 0.0001449380389883325, 2.196571152431055e-05, 0.2, 5.0625221485344e-05, 2.0, 2.0, 4.36700292589196e-05, 0.2, 0.1781027797302295, 0.2, 0.00011074197120708749, 0.00018086453246518358, 0.18457708912886164, 0.2, 0.1884698659300762, 2.0, 2.056225428106134, 4.243041412084182e-05, 2.1880329911614407, 2.0, 0.2, 3.3800912624640865e-05, 7.22569456989053e-05, 0.18410593234419967, 2.458240637175973e-05, 2.037386033718739e-05, 2.9486782549722087e-05, 2.0, 3.5907287383974576e-05, 2.0, 2.2383132071670788e-05, 6.038100413609878e-05, 2.560360498758225e-05, 0.18512159248998725, 2.00784263332577, 0.00017482517482517483, 0.1915878929096482, 2.0, 2.0, 2.0, 3.2449095481463455e-05, 4.5206934743789696e-05, 0.19022451438534846, 8.591434339963057e-05, 0.2, 0.2, 2.039401231798344e-05, 4.851425106124924e-05, 2.0, 0.2, 2.7664430458537936e-05, 0.2, 4.857080408966171e-05, 9.108712483490458e-05, 0.2, 0.2, 0.2, 0.18505078348651222, 0.2, 0.2, 4.9435202807919516e-05, 0.0003916960438699569, 0.0010005002501250625, 0.2, 0.0002935564362248642, 3.5923411287135827e-05, 0.0001760253476500616, 6.410872840337211e-05, 0.2, 0.19574081684404535, 3.663473339072775e-05, 2.0, 0.00011908306043465317, 0.2, 2.0, 2.0315499710504127e-05, 4.3716802553061266e-05, 0.2, 3.8463017808377244e-05, 2.01332823290181e-05, 0.2, 2.1380313007782435e-05, 2.0, 0.1876000142576011, 5.7544021176199794e-05, 0.00021077036568658446, 0.19477464427576313, 4.949637439057589e-05, 9.622786759045419e-05, 6.226843924157041e-05, 0.003003003003003003, 2.694509936005389e-05, 0.00010805554054784159, 0.0003487358326068004, 2.00784263332577, 0.2, 2.0], "min_": [-0.9999569966457383, -0.9998417220639443, -0.9999502450431624, -0.9999646549438898, -0.9915611814345991, -1.0, -1.0, -0.9998550619610117, -0.9999780342884756, -1.0, -0.9999493747785146, -1.0, -1.0, -0.9999563299707411, -1.0, 0.02541784915780987, -1.0, -0.9998892580287929, -0.9998191354675349, -0.018592911630673115, -1.0, -0.021557183265082047, -1.0, -0.004015808261091269, -0.9999575695858791, -0.008547550879972166, -1.0, -1.0, -0.9999661990873754, -0.9999277430543011, 0.0028174651356294156, -0.9999754175936283, -0.9999796261396628, -0.9999705132174502, -1.0, -0.999964092712616, -1.0, -0.9999776168679283, -0.9999396189958639, -0.9999743963950124, -0.019039385544410203, -0.003921316662885421, -0.9998251748251749, -0.030971045034362654, -1.0, -1.0, -1.0, -0.9999675509045185, -0.9999547930652563, 0.0038366382306380675, -0.9999140856566003, -1.0, -1.0, -0.999979605987682, -0.9999514857489388, -1.0, -1.0, -0.9999723355695415, -1.0, -0.9999514291959103, -0.9999089128751651, -1.0, -1.0, -1.0, 0.008822666204286511, -1.0, -1.0, -0.9999505647971921, -0.9996083039561301, -0.9989994997498749, -1.0, -0.9997064435637751, -0.9999640765887129, -0.99982397465235, -0.9999358912715967, -1.0, 0.011140294979453458, -0.9999633652666092, -1.0, -0.9998809169395654, -1.0, -1.0, -0.9999796845002895, -0.9999562831974469, -1.0, -0.9999615369821916, -0.999979866717671, -1.0, -0.9999786196869922, -1.0, -0.07678862543593556, -0.9999424559788238, -0.9997892296343134, -0.013731125484830575, -0.9999505036256094, -0.9999037721324096, -0.9999377315607584, -0.996996996996997, -0.9999730549006399, -0.9998919444594522, -0.9996512641673932, -0.01176394998865582, -1.0, -1.0]}