{"data_min_": [0.0, 0.0, 0.0, 0.0, 0.0, 0.0, 0.0, 0.0, 0.0, 0.0, 0.0, 0.0, 0.0, 0.0, 0.0, -5.75745, 0.0, 0.0, 0.0, -5.317058, 0.0, -5.191508, 0.0, -0.484375, 0.0, -0.453125, 0.0, 0.0, 0.0, 0.0, -5.446959, 0.0, 0.0, 0.0, 0.0, 0.0, 0.0, 0.0, 0.0, 0.0, -5.299007, -0.496094, 0.0, -5.057882, 0.0, 0.0, 0.0, 0.0, 0.0, -5.277115, 0.0, 0.0, 0.0, 0.0, 0.0, 0.0, 0.0, 0.0, 0.0, 0.0, 0.0, 0.0, 0.0, 0.0, -5.451599, 0.0, 0.0, 0.0, 0.0, 0.0, 0.0, 0.0, 0.0, 0.0, 0.0, 0.0, -5.16571, 0.0, 0.0, 0.0, 0.0, 0.0, 0.0, 0.0, 0.0, 0.0, 0.0, 0.0, 0.0, 0.0, -4.921169, 0.0, 0.0, -5.063641, 0.0, 0.0, 0.0, 0.0, 0.0, 0.0, 0.0, -0.492188, 0.0, 0.0], "data_max_": [46507.0, 12635.0, 40196.0, 56584.0, 236.0, 1.0, 1.0, 13798.0, 91050.0, 10.0, 39505.0, 1.0, 1.0, 45797.0, 10.0, 5.472021, 10.0, 18059.0, 11057.0, 5.518523, 10.0, 5.420268, 1.0, 0.488281, 47135.0, 0.460938, 1.0, 10.0, 59169.0, 27678.0, 5.416352, 81358.0, 98164.0, 67826.0, 1.0, 55698.0, 1.0, 89352.0, 33122.0, 78113.0, 5.504703, 0.5, 11439.0, 5.381191, 1.0, 1.0, 1.0, 61634.0, 44240.0, 5.236777, 23278.0, 10.0, 10.0, 98067.0, 41224.0, 1.0, 10.0, 72294.0, 10.0, 41176.0, 21956.0, 10.0, 10.0, 10.0, 5.356245, 10.0, 10.0, 40456.0, 5105.0, 1998.0, 10.0, 6812.0, 55673.0, 11361.0, 31196.0, 10.0, 5.051883, 54592.0, 1.0, 16794.0, 10.0, 1.0, 98446.0, 45748.0, 10.0, 51997.0, 99337.0, 10.0, 93543.0, 1.0, 5.739811, 34755.0, 9488.0, 5.204636, 40406.0, 20783.0, 32118.0, 665.0, 74224.0, 18508.0, 5734.0, 0.503906, 10.0, 1.0], "data_range_": [46507.0, 12635.0, 40196.0, 56584.0, 236.0, 1.0, 1.0, 13798.0, 91050.0, 10.0, 39505.0, 1.0, 1.0, 45797.0, 10.0, 11.229471, 10.0, 18059.0, 11057.0, 10.835581000000001, 10.0, 10.611775999999999, 1.0, 0.972656, 47135.0, 0.9140630000000001, 1.0, 10.0, 59169.0, 27678.0, 10.863311, 81358.0, 98164.0, 67826.0, 1.0, 55698.0, 1.0, 89352.0, 33122.0, 78113.0, 10.803709999999999, 0.996094, 11439.0, 10.439073, 1.0, 1.0, 1.0, 61634.0, 44240.0, 10.513892, 23278.0, 10.0, 10.0, 98067.0, 41224.0, 1.0, 10.0, 72294.0, 10.0, 41176.0, 21956.0, 10.0, 10.0, 10.0, 10.807844, 10.0, 10.0, 40456.0, 5105.0, 1998.0, 10.0, 6812.0, 55673.0, 11361.0, 31196.0, 10.0, 10.217593, 54592.0, 1.0, 16794.0, 10.0, 1.0, 98446.0, 45748.0, 10.0, 51997.0, 99337.0, 10.0, 93543.0, 1.0, 10.66098, 34755.0, 9488.0, 10.268277, 40406.0, 20783.0, 32118.0, 665.0, 74224.0, 18508.0, 5734.0, 0.996094, 10.0, 1.0], "scale_": [4.300427892575311e-05, 0.00015829046299960426, 4.975619464623345e-05, 3.53456807578114e-05, 0.00847457627118644, 2.0, 2.0, 0.00014494854326714017, 2.196595277320154e-05, 0.2, 5.0626502974307047e-05, 2.0, 2.0, 4.3670982815468264e-05, 0.2, 0.1781027797302295, 0.2, 0.00011074810343872862, 0.00018088088993397847, 0.18457708912886164, 0.2, 0.1884698659300762, 2.0, 2.056225428106134, 4.243131430996075e-05, 2.1880329911614407, 2.0, 0.2, 3.380148388514256e-05, 7.225955632632416e-05, 0.18410593234419967, 2.4582708522825045e-05, 2.0374067886394197e-05, 2.948721729130422e-05, 2.0, 3.590793206219254e-05, 2.0, 2.2383382576775e-05, 6.038282712396594e-05, 2.5603932764072563e-05, 0.18512159248998725, 2.00784263332577, 0.00017484045808200017, 0.1915878929096482, 2.0, 2.0, 2.0, 3.2449621961904146e-05, 4.5207956600361664e-05, 0.19022451438534846, 8.591803419537761e-05, 0.2, 0.2, 2.039422027797322e-05, 4.851542790607413e-05, 2.0, 0.2, 2.7664813124187345e-05, 0.2, 4.857198367981349e-05, 9.109127345600292e-05, 0.2, 0.2, 0.2, 0.18505078348651222, 0.2, 0.2, 4.943642475776152e-05, 0.0003917727717923604, 0.001001001001001001, 0.2, 0.0002935995302407516, 3.5924056544465e-05, 0.00017604084147522224, 6.411078343377356e-05, 0.2, 0.19574081684404535, 3.663540445486518e-05, 2.0, 0.00011909015124449208, 0.2, 2.0, 2.0315706072364545e-05, 4.37177581533619e-05, 0.2, 3.846375752447257e-05, 2.013348500558704e-05, 0.2, 2.1380541569117946e-05, 2.0, 0.1876000142576011, 5.754567688102431e-05, 0.00021079258010118043, 0.19477464427576313, 4.949759936643073e-05, 9.623249771447818e-05, 6.227037798119434e-05, 0.0030075187969924814, 2.694546238413451e-05, 0.0001080613788631943, 0.0003487966515521451, 2.00784263332577, 0.2, 2.0], "min_": [-1.0, -1.0, -1.0, -1.0, -1.0, -1.0, -1.0, -1.0, -1.0, -1.0, -1.0, -1.0, -1.0, -1.0, -1.0, 0.02541784915780987, -1.0, -1.0, -1.0, -0.018592911630673115, -1.0, -0.021557183265082047, -1.0, -0.004015808261091269, -1.0, -0.008547550879972166, -1.0, -1.0, -1.0, -1.0, 0.0028174651356294156, -1.0, -1.0, -1.0, -1.0, -1.0, -1.0, -1.0, -1.0, -1.0, -0.019039385544410203, -0.003921316662885421, -1.0, -0.030971045034362654, -1.0, -1.0, -1.0, -1.0, -1.0, 0.0038366382306380675, -1.0, -1.0, -1.0, -1.0, -1.0, -1.0, -1.0, -1.0, -1.0, -1.0, -1.0, -1.0, -1.0, -1.0, 0.008822666204286511, -1.0, -1.0, -1.0, -1.0, -1.0, -1.0, -1.0, -1.0, -1.0, -1.0, -1.0, 0.011140294979453458, -1.0, -1.0, -1.0, -1.0, -1.0, -1.0, -1.0, -1.0, -1.0, -1.0, -1.0, -1.0, -1.0, -0.07678862543593556, -1.0, -1.0, -0.013731125484830575, -1.0, -1.0, -1.0, -1.0, -1.0, -1.0, -1.0, -0.01176394998865582, -1.0, -1.0]}