{"data_min_": [-1.0, -1.0, -1.0, -1.0, -1.0, 1e-06, 2e-06, -1.0, -1.0, 0.00015, -1.0, 7e-06, 2e-06, -1.0, 0.00015, -4.743563, 0.00015, -1.0, -1.0, -4.669881, 0.00015, -3.941967, 4e-06, -0.484375, -1.0, -0.453125, 3e-06, 0.00015, -1.0, -1.0, -4.027736, -1.0, -1.0, -1.0, 2.2e-05, -1.0, 1e-06, -1.0, -1.0, -1.0, -4.350315, -0.496094, -1.0, -4.732682, 1e-06, 1e-05, 1.1e-05, -1.0, -1.0, -4.60816, -1.0, 0.000196, 0.000196, -1.0, -1.0, 6e-06, 0.00015, -1.0, 0.00015, -1.0, -1.0, 0.00015, 0.00015, 0.00015, -4.035696, 0.00015, 0.000219, -1.0, -1.0, -1.0, 0.00015, -1.0, -1.0, -1.0, -1.0, 0.00015, -4.232487, -1.0, 2.1e-05, -1.0, 0.00015, 1.3e-05, -1.0, -1.0, 0.00015, -1.0, -1.0, 0.00015, -1.0, 7e-06, -4.289686, -1.0, -1.0, -4.063482, -1.0, -1.0, -1.0, -1.0, -1.0, -1.0, -1.0, -0.492188, 0.00015, 7e-06], "data_max_": [46507.0, 12635.0, 40196.0, 56584.0, 236.0, 0.999991, 0.999999, 13798.0, 91050.0, 9.99999, 39505.0, 0.99999, 0.999965, 45797.0, 9.99999, 4.151173, 9.99999, 18059.0, 11057.0, 4.204324, 9.99999, 3.947523, 0.999982, 0.488281, 47135.0, 0.460938, 0.999986, 9.99999, 59168.0, 27678.0, 4.140184, 81358.0, 98164.0, 67826.0, 0.999999, 55698.0, 0.999979, 89352.0, 33122.0, 78113.0, 4.913839, 0.5, 11439.0, 4.204304, 0.999986, 0.999984, 0.999992, 61634.0, 44240.0, 4.581586, 23278.0, 9.99999, 9.99999, 98067.0, 41224.0, 0.999994, 9.99999, 72293.0, 9.99999, 41176.0, 21956.0, 9.99999, 9.99999, 9.99999, 4.236456, 9.99999, 9.99999, 40456.0, 5105.0, 1998.0, 9.99999, 6812.0, 55673.0, 11361.0, 31196.0, 9.99999, 4.2594, 54592.0, 0.999963, 16794.0, 9.99999, 0.999998, 98446.0, 45748.0, 9.99999, 51997.0, 99336.0, 9.99999, 93543.0, 0.999999, 4.386368, 34755.0, 9488.0, 4.231463, 40406.0, 20783.0, 32118.0, 665.0, 74224.0, 18508.0, 5734.0, 0.503906, 9.99999, 0.999998], "data_range_": [46508.0, 12636.0, 40197.0, 56585.0, 237.0, 0.9999899999999999, 0.999997, 13799.0, 91051.0, 9.99984, 39506.0, 0.9999830000000001, 0.999963, 45798.0, 9.99984, 8.894736, 9.99984, 18060.0, 11058.0, 8.874205, 9.99984, 7.88949, 0.999978, 0.972656, 47136.0, 0.9140630000000001, 0.9999830000000001, 9.99984, 59169.0, 27679.0, 8.167919999999999, 81359.0, 98165.0, 67827.0, 0.999977, 55699.0, 0.9999779999999999, 89353.0, 33123.0, 78114.0, 9.264154000000001, 0.996094, 11440.0, 8.936986, 0.999985, 0.999974, 0.999981, 61635.0, 44241.0, 9.189746, 23279.0, 9.999794, 9.999794, 98068.0, 41225.0, 0.9999880000000001, 9.99984, 72294.0, 9.99984, 41177.0, 21957.0, 9.99984, 9.99984, 9.99984, 8.272152, 9.99984, 9.999771, 40457.0, 5106.0, 1999.0, 9.99984, 6813.0, 55674.0, 11362.0, 31197.0, 9.99984, 8.491887, 54593.0, 0.999942, 16795.0, 9.99984, 0.999985, 98447.0, 45749.0, 9.99984, 51998.0, 99337.0, 9.99984, 93544.0, 0.999992, 8.676054, 34756.0, 9489.0, 8.294944999999998, 40407.0, 20784.0, 32119.0, 666.0, 74225.0, 18509.0, 5735.0, 0.996094, 9.99984, 0.9999910000000001], "scale_": [2.1501677130816204e-05, 7.913896802785692e-05, 2.4877478418787472e-05, 1.7672528055138288e-05, 0.004219409282700422, 1.000010000100001, 1.000003000009, 7.246901949416625e-05, 1.0982855762155275e-05, 0.1000016000256004, 2.5312610742672e-05, 1.0000170002890048, 1.0000370013690507, 2.18350146294598e-05, 0.1000016000256004, 0.11242604614684461, 0.1000016000256004, 5.5370985603543746e-05, 9.043226623259179e-05, 0.11268615047770476, 0.1000016000256004, 0.12675090531834124, 1.0000220004840106, 1.028112714053067, 2.121520706042091e-05, 1.0940164955807203, 1.0000170002890048, 0.1000016000256004, 1.690074194257128e-05, 3.612847284945265e-05, 0.12243019030548782, 1.2291203185879866e-05, 1.0186930168593695e-05, 1.4743391274861043e-05, 1.000023000529012, 1.7953643691987288e-05, 1.0000220004840108, 1.1191566035835394e-05, 3.019050206804939e-05, 1.2801802493791125e-05, 0.10794293790884736, 1.003921316662885, 8.741258741258741e-05, 0.11189454699828333, 1.0000150002250034, 1.0000260006760175, 1.0000190003610068, 1.6224547740731727e-05, 2.2603467371894848e-05, 0.10881693574555815, 4.2957171699815284e-05, 0.10000206004243688, 0.10000206004243688, 1.019700615899172e-05, 2.425712553062462e-05, 1.0000120001440016, 0.1000016000256004, 1.3832406562093672e-05, 0.1000016000256004, 2.4285402044830854e-05, 4.554356241745229e-05, 0.1000016000256004, 0.1000016000256004, 0.1000016000256004, 0.12088752721178238, 0.1000016000256004, 0.1000022900524422, 2.4717601403959758e-05, 0.00019584802193497845, 0.0005002501250625312, 0.1000016000256004, 0.0001467782181124321, 1.7961705643567913e-05, 8.80126738250308e-05, 3.205436420168606e-05, 0.1000016000256004, 0.11775945676149482, 1.8317366695363874e-05, 1.000058003364195, 5.9541530217326585e-05, 0.1000016000256004, 1.0000150002250034, 1.0157749855252064e-05, 2.1858401276530633e-05, 0.1000016000256004, 1.9231508904188622e-05, 1.006674250279352e-05, 0.1000016000256004, 1.0690156503891218e-05, 1.0000080000640006, 0.1152597713200033, 2.8772010588099897e-05, 0.00010538518284329223, 0.12055535027658414, 2.4748187195287945e-05, 4.8113933795227095e-05, 3.1134219620785205e-05, 0.0015015015015015015, 1.3472549680026945e-05, 5.4027770273920795e-05, 0.0001743679163034002, 1.003921316662885, 0.1000016000256004, 1.0000090000810007], "min_": [2.1501677130816204e-05, 7.913896802785692e-05, 2.4877478418787472e-05, 1.7672528055138288e-05, 0.004219409282700422, -1.000010000100001e-06, -2.000006000018e-06, 7.246901949416625e-05, 1.0982855762155275e-05, -1.500024000384006e-05, 2.5312610742672e-05, -7.000119002023034e-06, -2.000074002738101e-06, 2.18350146294598e-05, -1.500024000384006e-05, 0.5333000327384646, -1.500024000384006e-05, 5.5370985603543746e-05, 9.043226623259179e-05, 0.5262309130789744, -1.500024000384006e-05, 0.4996478859850257, -4.000088001936042e-06, 0.49799209586945437, 2.121520706042091e-05, 0.4957262245600139, -3.0000510008670145e-06, -1.500024000384006e-05, 1.690074194257128e-05, 3.612847284945265e-05, 0.4931164849802643, 1.2291203185879866e-05, 1.0186930168593695e-05, 1.4743391274861043e-05, -2.2000506011638263e-05, 1.7953643691987288e-05, -1.0000220004840109e-06, 1.1191566035835394e-05, 3.019050206804939e-05, 1.2801802493791125e-05, 0.4695857819289273, 0.4980393416685573, 8.741258741258741e-05, 0.5295613084769295, -1.0000150002250034e-06, -1.0000260006760177e-05, -1.1000209003971075e-05, 1.6224547740731727e-05, 2.2603467371894848e-05, 0.5014458506252512, 4.2957171699815284e-05, -1.9600403768317628e-05, -1.9600403768317628e-05, 1.019700615899172e-05, 2.425712553062462e-05, -6.00007200086401e-06, -1.500024000384006e-05, 1.3832406562093672e-05, -1.500024000384006e-05, 2.4285402044830854e-05, 4.554356241745229e-05, -1.500024000384006e-05, -1.500024000384006e-05, -1.500024000384006e-05, 0.48786531001848127, -1.500024000384006e-05, -2.1900501521484844e-05, 2.4717601403959758e-05, 0.00019584802193497845, 0.0005002501250625312, -1.500024000384006e-05, 0.0001467782181124321, 1.7961705643567913e-05, 8.80126738250308e-05, 3.205436420168606e-05, -1.500024000384006e-05, 0.49841536987008894, 1.8317366695363874e-05, -2.1001218070648095e-05, 5.9541530217326585e-05, -1.500024000384006e-05, -1.3000195002925045e-05, 1.0157749855252064e-05, 2.1858401276530633e-05, -1.500024000384006e-05, 1.9231508904188622e-05, 1.006674250279352e-05, -1.500024000384006e-05, 1.0690156503891218e-05, -7.000056000448004e-06, 0.4944282273946196, 2.8772010588099897e-05, 0.00010538518284329223, 0.4898744958525946, 2.4748187195287945e-05, 4.8113933795227095e-05, 3.1134219620785205e-05, 0.0015015015015015015, 1.3472549680026945e-05, 5.4027770273920795e-05, 0.0001743679163034002, 0.4941180250056721, -1.500024000384006e-05, -7.0000630005670044e-06]}