{"data_min_": [0.0, 0.0, 0.0, 0.0], "data_max_": [144.0, 491.0, 641.0, 491.0], "data_range_": [144.0, 491.0, 641.0, 491.0], "scale_": [0.006944444444444444, 0.002036659877800407, 0.0015600624024961, 0.002036659877800407], "min_": [0.0, 0.0, 0.0, 0.0]}