{"data_min_": [0.0, 0.0, 0.0, 0.0, 0.0], "data_max_": [50163.227, 144.0, 491.0, 641.0, 491.0], "data_range_": [50163.227, 144.0, 491.0, 641.0, 491.0], "scale_": [1.9934921650873858e-05, 0.006944444444444444, 0.002036659877800407, 0.0015600624024961, 0.002036659877800407], "min_": [0.0, 0.0, 0.0, 0.0, 0.0]}